--
-- . Type VARCHAR2 doesn't exist; use VARCHAR.
-- . Primary keys should be defined as "BIGINT GENERATED BY DEFAULT AS IDENTITY PRIMARY KEY".
--

CREATE TABLE USER (ID BIGINT GENERATED BY DEFAULT AS IDENTITY PRIMARY KEY, LOGIN VARCHAR(255) NOT NULL, EMAIL VARCHAR(255) NOT NULL, PASSWORD VARCHAR(255) NOT NULL, STATUS SMALLINT NOT NULL, ACTIVATIONTOKEN VARCHAR(255) NULL);
CREATE TABLE USER_ROLES (USER_ID BIGINT NOT NULL, ELEMENT SMALLINT NOT NULL);
CREATE TABLE FOOD (ID BIGINT GENERATED BY DEFAULT AS IDENTITY PRIMARY KEY, DTYPE VARCHAR(1) NOT NULL, NAME VARCHAR(255) NOT NULL, FOOD_GROUP SMALLINT);
CREATE TABLE FOOD_INGREDIENTS (FOOD_ID BIGINT NOT NULL, INGREDIENTS_ID BIGINT NOT NULL);
CREATE TABLE FOOD_NUTRIENTS (FOOD_ID BIGINT NOT NULL, ELEMENT SMALLINT NOT NULL);
CREATE TABLE MEAL (ID BIGINT GENERATED BY DEFAULT AS IDENTITY PRIMARY KEY, EATER_ID BIGINT NOT NULL, INSTANT DATETIME NOT NULL, FOREIGN KEY (EATER_ID) REFERENCES USER(ID));
CREATE TABLE PREPAREDFOOD (ID BIGINT GENERATED BY DEFAULT AS IDENTITY PRIMARY KEY, FOOD_ID BIGINT NOT NULL, PREPARATIONMETHOD SMALLINT NOT NULL, FOREIGN KEY (FOOD_ID) REFERENCES FOOD(ID));
CREATE TABLE MEAL_DISHES (MEAL_ID BIGINT NOT NULL, DISH_ID BIGINT NOT NULL, PRIMARY KEY (MEAL_ID, DISH_ID), FOREIGN KEY (MEAL_ID) REFERENCES MEAL(ID), FOREIGN KEY (DISH_ID) REFERENCES PREPAREDFOOD(ID))
CREATE TABLE PATIENTFILE (ID BIGINT GENERATED BY DEFAULT AS IDENTITY PRIMARY KEY, PATIENT_ID BIGINT NOT NULL, FOREIGN KEY (PATIENT_ID) REFERENCES USER(ID));
CREATE TABLE GASTRIC_STATE (PATIENTFILE_ID BIGINT NOT NULL, INSTANT DATETIME NOT NULL, STATE SMALLINT NOT NULL, PRIMARY KEY (PATIENTFILE_ID, INSTANT), FOREIGN KEY (PATIENTFILE_ID) REFERENCES PATIENTFILE(ID));

INSERT INTO USER (ID, LOGIN, EMAIL, PASSWORD, STATUS, ACTIVATIONTOKEN) VALUES (1, 'gbilodeau', 'gbilodeau@yahoo.com', '1', 2, 'token');
INSERT INTO USER (ID, LOGIN, EMAIL, PASSWORD, STATUS, ACTIVATIONTOKEN) VALUES (2, 'lgolovina', 'gb.forums@yahoo.com', '1', 2, 'token');
INSERT INTO USER (ID, LOGIN, EMAIL, PASSWORD, STATUS, ACTIVATIONTOKEN) VALUES (101, 'user1', 'user1@gb1.com', '1', 2, 'token');
INSERT INTO USER (ID, LOGIN, EMAIL, PASSWORD, STATUS, ACTIVATIONTOKEN) VALUES (102, 'user2', 'user2@gb1.com', '1', 2, 'token');
INSERT INTO USER (ID, LOGIN, EMAIL, PASSWORD, STATUS, ACTIVATIONTOKEN) VALUES (103, 'user3', 'user3@gb1.com', '1', 2, 'token');
INSERT INTO USER (ID, LOGIN, EMAIL, PASSWORD, STATUS, ACTIVATIONTOKEN) VALUES (104, 'user4', 'user4@gb1.com', '1', 2, 'token');
INSERT INTO USER (ID, LOGIN, EMAIL, PASSWORD, STATUS, ACTIVATIONTOKEN) VALUES (105, 'user5', 'user5@gb1.com', '1', 2, 'token');
INSERT INTO USER (ID, LOGIN, EMAIL, PASSWORD, STATUS, ACTIVATIONTOKEN) VALUES (106, 'user6', 'user6@gb1.com', '1', 2, 'token');
INSERT INTO USER (ID, LOGIN, EMAIL, PASSWORD, STATUS, ACTIVATIONTOKEN) VALUES (107, 'user7', 'user7@gb1.com', '1', 2, 'token');
INSERT INTO USER (ID, LOGIN, EMAIL, PASSWORD, STATUS, ACTIVATIONTOKEN) VALUES (108, 'user8', 'user8@gb1.com', '1', 2, 'token');
INSERT INTO USER (ID, LOGIN, EMAIL, PASSWORD, STATUS, ACTIVATIONTOKEN) VALUES (109, 'user9', 'user9@gb1.com', '1', 2, 'token');
INSERT INTO USER (ID, LOGIN, EMAIL, PASSWORD, STATUS, ACTIVATIONTOKEN) VALUES (110, 'user10', 'user10@gb1.com', '1', 2, 'token');
INSERT INTO USER (ID, LOGIN, EMAIL, PASSWORD, STATUS, ACTIVATIONTOKEN) VALUES (111, 'user11', 'user11@gb1.com', '1', 2, 'token');
INSERT INTO USER (ID, LOGIN, EMAIL, PASSWORD, STATUS, ACTIVATIONTOKEN) VALUES (112, 'user12', 'user12@gb1.com', '1', 2, 'token');
INSERT INTO USER (ID, LOGIN, EMAIL, PASSWORD, STATUS, ACTIVATIONTOKEN) VALUES (113, 'user13', 'user13@gb1.com', '1', 2, 'token');
INSERT INTO USER (ID, LOGIN, EMAIL, PASSWORD, STATUS, ACTIVATIONTOKEN) VALUES (114, 'user14', 'user14@gb1.com', '1', 2, 'token');
INSERT INTO USER (ID, LOGIN, EMAIL, PASSWORD, STATUS, ACTIVATIONTOKEN) VALUES (115, 'user15', 'user15@gb1.com', '1', 2, 'token');
INSERT INTO USER (ID, LOGIN, EMAIL, PASSWORD, STATUS, ACTIVATIONTOKEN) VALUES (116, 'user16', 'user16@gb1.com', '1', 2, 'token');
INSERT INTO USER (ID, LOGIN, EMAIL, PASSWORD, STATUS, ACTIVATIONTOKEN) VALUES (117, 'user17', 'user17@gb1.com', '1', 2, 'token');
INSERT INTO USER (ID, LOGIN, EMAIL, PASSWORD, STATUS, ACTIVATIONTOKEN) VALUES (118, 'user18', 'user18@gb1.com', '1', 2, 'token');
INSERT INTO USER (ID, LOGIN, EMAIL, PASSWORD, STATUS, ACTIVATIONTOKEN) VALUES (119, 'user19', 'user19@gb1.com', '1', 2, 'token');
INSERT INTO USER (ID, LOGIN, EMAIL, PASSWORD, STATUS, ACTIVATIONTOKEN) VALUES (120, 'user20', 'user20@gb1.com', '1', 2, 'token');
INSERT INTO USER (ID, LOGIN, EMAIL, PASSWORD, STATUS, ACTIVATIONTOKEN) VALUES (121, 'user21', 'user21@gb1.com', '1', 2, 'token');
INSERT INTO USER (ID, LOGIN, EMAIL, PASSWORD, STATUS, ACTIVATIONTOKEN) VALUES (122, 'user22', 'user22@gb1.com', '1', 2, 'token');
INSERT INTO USER (ID, LOGIN, EMAIL, PASSWORD, STATUS, ACTIVATIONTOKEN) VALUES (123, 'user23', 'user23@gb1.com', '1', 2, 'token');
INSERT INTO USER (ID, LOGIN, EMAIL, PASSWORD, STATUS, ACTIVATIONTOKEN) VALUES (124, 'user24', 'user24@gb1.com', '1', 2, 'token');
INSERT INTO USER (ID, LOGIN, EMAIL, PASSWORD, STATUS, ACTIVATIONTOKEN) VALUES (125, 'user25', 'user25@gb1.com', '1', 2, 'token');
INSERT INTO USER (ID, LOGIN, EMAIL, PASSWORD, STATUS, ACTIVATIONTOKEN) VALUES (126, 'user26', 'user26@gb1.com', '1', 2, 'token');
INSERT INTO USER (ID, LOGIN, EMAIL, PASSWORD, STATUS, ACTIVATIONTOKEN) VALUES (127, 'user27', 'user27@gb1.com', '1', 2, 'token');
INSERT INTO USER (ID, LOGIN, EMAIL, PASSWORD, STATUS, ACTIVATIONTOKEN) VALUES (128, 'user28', 'user28@gb1.com', '1', 2, 'token');
INSERT INTO USER (ID, LOGIN, EMAIL, PASSWORD, STATUS, ACTIVATIONTOKEN) VALUES (129, 'user29', 'user29@gb1.com', '1', 2, 'token');
INSERT INTO USER (ID, LOGIN, EMAIL, PASSWORD, STATUS, ACTIVATIONTOKEN) VALUES (130, 'user30', 'user30@gb1.com', '1', 2, 'token');
INSERT INTO USER (ID, LOGIN, EMAIL, PASSWORD, STATUS, ACTIVATIONTOKEN) VALUES (131, 'user31', 'user31@gb1.com', '1', 2, 'token');
INSERT INTO USER (ID, LOGIN, EMAIL, PASSWORD, STATUS, ACTIVATIONTOKEN) VALUES (132, 'user32', 'user32@gb1.com', '1', 2, 'token');
INSERT INTO USER (ID, LOGIN, EMAIL, PASSWORD, STATUS, ACTIVATIONTOKEN) VALUES (133, 'user33', 'user33@gb1.com', '1', 2, 'token');
INSERT INTO USER (ID, LOGIN, EMAIL, PASSWORD, STATUS, ACTIVATIONTOKEN) VALUES (134, 'user34', 'user34@gb1.com', '1', 2, 'token');
INSERT INTO USER (ID, LOGIN, EMAIL, PASSWORD, STATUS, ACTIVATIONTOKEN) VALUES (135, 'user35', 'user35@gb1.com', '1', 2, 'token');
INSERT INTO USER (ID, LOGIN, EMAIL, PASSWORD, STATUS, ACTIVATIONTOKEN) VALUES (136, 'user36', 'user36@gb1.com', '1', 2, 'token');
INSERT INTO USER (ID, LOGIN, EMAIL, PASSWORD, STATUS, ACTIVATIONTOKEN) VALUES (137, 'user37', 'user37@gb1.com', '1', 2, 'token');
INSERT INTO USER (ID, LOGIN, EMAIL, PASSWORD, STATUS, ACTIVATIONTOKEN) VALUES (138, 'user38', 'user38@gb1.com', '1', 2, 'token');
INSERT INTO USER (ID, LOGIN, EMAIL, PASSWORD, STATUS, ACTIVATIONTOKEN) VALUES (139, 'user39', 'user39@gb1.com', '1', 2, 'token');
INSERT INTO USER (ID, LOGIN, EMAIL, PASSWORD, STATUS, ACTIVATIONTOKEN) VALUES (140, 'user40', 'user40@gb1.com', '1', 2, 'token');
INSERT INTO USER (ID, LOGIN, EMAIL, PASSWORD, STATUS, ACTIVATIONTOKEN) VALUES (141, 'user41', 'user41@gb1.com', '1', 2, 'token');
INSERT INTO USER (ID, LOGIN, EMAIL, PASSWORD, STATUS, ACTIVATIONTOKEN) VALUES (142, 'user42', 'user42@gb1.com', '1', 2, 'token');
INSERT INTO USER (ID, LOGIN, EMAIL, PASSWORD, STATUS, ACTIVATIONTOKEN) VALUES (143, 'user43', 'user43@gb1.com', '1', 2, 'token');
INSERT INTO USER (ID, LOGIN, EMAIL, PASSWORD, STATUS, ACTIVATIONTOKEN) VALUES (144, 'user44', 'user44@gb1.com', '1', 2, 'token');
INSERT INTO USER (ID, LOGIN, EMAIL, PASSWORD, STATUS, ACTIVATIONTOKEN) VALUES (145, 'user45', 'user45@gb1.com', '1', 2, 'token');
INSERT INTO USER (ID, LOGIN, EMAIL, PASSWORD, STATUS, ACTIVATIONTOKEN) VALUES (146, 'user46', 'user46@gb1.com', '1', 2, 'token');
INSERT INTO USER (ID, LOGIN, EMAIL, PASSWORD, STATUS, ACTIVATIONTOKEN) VALUES (147, 'user47', 'user47@gb1.com', '1', 2, 'token');
INSERT INTO USER (ID, LOGIN, EMAIL, PASSWORD, STATUS, ACTIVATIONTOKEN) VALUES (148, 'user48', 'user48@gb1.com', '1', 2, 'token');
INSERT INTO USER (ID, LOGIN, EMAIL, PASSWORD, STATUS, ACTIVATIONTOKEN) VALUES (149, 'user49', 'user49@gb1.com', '1', 2, 'token');
INSERT INTO USER (ID, LOGIN, EMAIL, PASSWORD, STATUS, ACTIVATIONTOKEN) VALUES (150, 'user50', 'user50@gb1.com', '1', 2, 'token');

INSERT INTO USER_ROLES(USER_ID, ELEMENT) VALUES (1, 0);
INSERT INTO USER_ROLES(USER_ID, ELEMENT) VALUES (1, 1);
INSERT INTO USER_ROLES(USER_ID, ELEMENT) VALUES (2, 0);

INSERT INTO FOOD (ID, DTYPE, NAME, FOOD_GROUP) VALUES (1, 'S', 'water', 5);
INSERT INTO FOOD (ID, DTYPE, NAME, FOOD_GROUP) VALUES (2, 'S', 'apple', 0);
INSERT INTO FOOD (ID, DTYPE, NAME, FOOD_GROUP) VALUES (3, 'S', 'sugar', 5);
INSERT INTO FOOD (ID, DTYPE, NAME, FOOD_GROUP) VALUES (4, 'S', 'pasta', 4);
INSERT INTO FOOD (ID, DTYPE, NAME, FOOD_GROUP) VALUES (5, 'S', 'beef', 3);
INSERT INTO FOOD (ID, DTYPE, NAME, FOOD_GROUP) VALUES (6, 'S', 'tomato', 0);
INSERT INTO FOOD (ID, DTYPE, NAME, FOOD_GROUP) VALUES (7, 'S', 'red grape', 0);
INSERT INTO FOOD (ID, DTYPE, NAME, FOOD_GROUP) VALUES (8, 'S', 'alcohol', 5);
INSERT INTO FOOD (ID, DTYPE, NAME, FOOD_GROUP) VALUES (9, 'C', 'beef stock', NULL);
INSERT INTO FOOD (ID, DTYPE, NAME, FOOD_GROUP) VALUES (10, 'C', 'spaghetti', NULL);
INSERT INTO FOOD (ID, DTYPE, NAME, FOOD_GROUP) VALUES (11, 'C', 'red wine', NULL);

INSERT INTO FOOD_NUTRIENTS (FOOD_ID, ELEMENT) VALUES (2, 2);
INSERT INTO FOOD_NUTRIENTS (FOOD_ID, ELEMENT) VALUES (5, 6);
INSERT INTO FOOD_NUTRIENTS (FOOD_ID, ELEMENT) VALUES (6, 2);
INSERT INTO FOOD_NUTRIENTS (FOOD_ID, ELEMENT) VALUES (7, 1);
INSERT INTO FOOD_NUTRIENTS (FOOD_ID, ELEMENT) VALUES (8, 7);

INSERT INTO FOOD_INGREDIENTS (FOOD_ID, INGREDIENTS_ID) VALUES (9, 1);
INSERT INTO FOOD_INGREDIENTS (FOOD_ID, INGREDIENTS_ID) VALUES (9, 5);
INSERT INTO FOOD_INGREDIENTS (FOOD_ID, INGREDIENTS_ID) VALUES (10, 4);
INSERT INTO FOOD_INGREDIENTS (FOOD_ID, INGREDIENTS_ID) VALUES (10, 5);
INSERT INTO FOOD_INGREDIENTS (FOOD_ID, INGREDIENTS_ID) VALUES (10, 6);
INSERT INTO FOOD_INGREDIENTS (FOOD_ID, INGREDIENTS_ID) VALUES (10, 9);
INSERT INTO FOOD_INGREDIENTS (FOOD_ID, INGREDIENTS_ID) VALUES (11, 7);
INSERT INTO FOOD_INGREDIENTS (FOOD_ID, INGREDIENTS_ID) VALUES (11, 8);

INSERT INTO MEAL (ID, EATER_ID, INSTANT) VALUES (1, 1, '2007-10-15 16:00:00.0');
INSERT INTO MEAL (ID, EATER_ID, INSTANT) VALUES (2, 1, '2007-10-15 18:30:00.0');
INSERT INTO MEAL (ID, EATER_ID, INSTANT) VALUES (3, 2, '2007-10-16 18:00:00.0');

INSERT INTO PREPAREDFOOD (ID, FOOD_ID, PREPARATIONMETHOD) VALUES (1, 11, 0);
INSERT INTO PREPAREDFOOD (ID, FOOD_ID, PREPARATIONMETHOD) VALUES (2, 10, 2);
INSERT INTO PREPAREDFOOD (ID, FOOD_ID, PREPARATIONMETHOD) VALUES (3, 11, 0);
INSERT INTO PREPAREDFOOD (ID, FOOD_ID, PREPARATIONMETHOD) VALUES (4, 10, 2);

INSERT INTO PATIENTFILE (ID, PATIENT_ID) VALUES (2, 2);
INSERT INTO GASTRIC_STATE (PATIENTFILE_ID, INSTANT, STATE) VALUES (2, '2007-10-16 20:00:00.0', 1);
